OPEID,state abv,state,county,city,Name,Address,Zip Code,Zip Ext,"Prog
Length","School
Type",Year 1,"
Num 1","
Denom 1",DRate 1,PRate 1,Ethnic Code,Cong Dis,Region,"Average or
Greater than 30",Year 2,"
Num 2","
Denom 2",DRate 2,PRate 2,Year 3,"
Num 3","
Denom 3",DRate 3,PRate 3,lat,lng,population,density,military,age_median,male,female,married,family_size,income_household_median,income_household_six_figure,home_ownership,home_value,rent_median,education_college_or_above,labor_force_participation,unemployment_rate,race_white,race_black,race_asian,race_native,race_pacific,race_other,race_multiple
1050,AL,Alabama,Macon,Tuskegee Institute,TUSKEGEE UNIVERSITY                                              ,308 KRESGE CENTER                                 ,36088,1645,8,2,2016,115,850,13.5,P,2,3,4,0,2015,101,876,11.5,P,2014,93,806,11.5,P,32.41685,-85.71784,4802,549.6,FALSE,21.7,41.7,58.3,12.2,3.05,27743,9.3,42.3,80791,645,26,50.7,16.7,1.2,97.4,1,0.2,0,0,0.1
42200,AR,Arkansas,Sebastian,Fort Smith,DESIGNER BARBER & STYLIST SCHOOL                                 ,2409 SOUTH 56TH STREET             SUITE 118      ,72903,3753,3,3,2016,6,30,20,A,5,3,6,0,2015,6,38,15.7,B,2014,1,10,10,B,35.35138,-94.36031,26143,602.5,FALSE,38.8,47.3,52.7,47.4,2.91,44690,19.9,48.3,164722,658,27.2,60.2,3.6,78.5,5.9,5.8,1.4,0.1,3.5,4.7
1104,AR,Arkansas,Phillips,Helena,PHILLIPS COMMUNITY COLLEGE OF THE UNIVERSITY OF ARKANSAS         ,1000 CAMPUS DRIVE                                 ,72342,0,5,1,2016,20,114,17.5,B,5,1,6,1,2015,4,35,11.4,A,2014,13,59,22,A,34.45806,-90.68596,4966,23.9,FALSE,35.6,48.5,51.5,30.9,3.38,25985,16.2,39.2,99156,568,20.8,51.6,14.5,32.4,65.5,0.2,0,0,0.5,1.4
39745,CA,California,Los Angeles,Canoga Park,CALIFORNIA CAREER COLLEGE                                        ,7003 OWENSMOUTH AVENUE                            ,91303,2006,5,3,2016,2,40,5,A,5,27,9,0,2015,7,71,9.8,A,2014,2,40,5,A,34.19794,-118.60156,31053,4792.8,FALSE,32.1,51.4,48.6,40,3.78,55130,24.2,24.1,432049,1446,24.1,71.7,5.4,52.3,3.4,11.2,0.5,0.3,30.2,2.2
7130,CA,California,Los Angeles,Granada Hills,NEWBERRY SCHOOL OF BEAUTY                                        ,16852 DEVONSHIRE STREET                           ,91344,7404,3,3,2016,5,88,5.6,P,5,27,9,0,2015,1,81,1.2,P,2014,6,92,6.5,P,34.29392,-118.5075,53266,1217.5,FALSE,43.3,50,50,51.3,3.52,92286,45.9,75.1,593579,1754,39,64,6.4,59.7,4.6,16.7,0.7,0.2,13.5,4.7
20912,CA,California,Los Angeles,Los Angeles,ELEGANCE INTERNATIONAL                                           ,6767 SUNSET BOULEVARD                             ,90028,6106,3,3,2016,52,318,16.3,A,5,33,9,0,2015,12,181,6.6,A,2014,8,72,11.1,A,34.09989,-118.32692,30734,7273.3,FALSE,35.7,55,45,21.3,2.89,43998,18.3,4.7,746587,1364,48.4,74.7,9.1,56.7,9.9,10.4,0.4,0.2,17.1,5.2
21618,CA,California,Los Angeles,Los Angeles,MUSICIANS INSTITUTE                                              ,6752 HOLLYWOOD BOULEVARD                          ,90028,6157,8,3,2016,33,432,7.6,A,5,33,9,0,2015,41,480,8.5,A,2014,52,542,9.5,A,34.09989,-118.32692,30734,7273.3,FALSE,35.7,55,45,21.3,2.89,43998,18.3,4.7,746587,1364,48.4,74.7,9.1,56.7,9.9,10.4,0.4,0.2,17.1,5.2
40373,CA,California,Los Angeles,Los Angeles,LOS ANGELES FILM SCHOOL (THE)                                    ,6363 WEST SUNSET BOULEVARD                        ,90028,7300,6,3,2016,193,1077,17.9,A,5,31,9,0,2015,267,1205,22.1,A,2014,281,1384,20.3,A,34.09989,-118.32692,30734,7273.3,FALSE,35.7,55,45,21.3,2.89,43998,18.3,4.7,746587,1364,48.4,74.7,9.1,56.7,9.9,10.4,0.4,0.2,17.1,5.2
40764,CA,California,Los Angeles,Los Angeles,GNOMON                                                           ,1015 NORTH CAHUENGA BOULEVARD      SUITE 5430I    ,90038,2616,6,3,2016,1,49,2,A,5,31,9,0,2015,1,39,2.5,A,2014,1,31,3.2,A,34.08876,-118.32652,27660,7127.3,FALSE,33.8,53.3,46.7,29.2,3.3,39984,14.6,8.8,759533,1229,31.9,73.2,7.1,42.6,6,5.4,0.6,0,40.6,4.8
1317,CA,California,San Diego,La Jolla,"UNIVERSITY OF CALIFORNIA, SAN DIEGO                              ",9500 GILMAN DRIVE                  SUITE #0013 - 4,92093,13,8,1,2016,80,4572,1.7,P,5,53,9,0,2015,105,4928,2.1,P,2014,118,5436,2.1,P,32.87706,-117.23058,,,FALSE,,,,,,,,,,,,,,,,,,,,
11460,CA,California,San Diego,La Jolla,NATIONAL UNIVERSITY                                              ,11255 NORTH TORREY PINES ROAD                     ,92037,1011,8,2,2016,310,6234,4.9,A,5,53,9,0,2015,377,6770,5.5,A,2014,415,7195,5.7,A,32.85506,-117.25012,39724,1382.3,FALSE,44.5,48.8,51.2,54.1,2.92,105904,53.2,58.2,1437621,1976,74.6,57.9,4.7,81.7,1.8,10.5,0.1,0.1,1.5,4.4
7607,CA,California,Los Angeles,North Hollywood,CONCORDE CAREER COLLEGE                                          ,12412 VICTORY BOULEVARD                           ,91606,3134,5,3,2016,30,494,6,A,5,28,9,0,2015,66,503,13.1,A,2014,64,524,12.2,A,34.1866,-118.38871,44476,5208.8,FALSE,36.3,50,50,43.5,3.6,46397,20.5,30.6,532287,1243,21.5,64.4,7,69.3,4,5.5,0.3,0.5,18.1,2.3
41596,CA,California,Los Angeles,North Hollywood,GALAXY MEDICAL COLLEGE                                           ,6400 LAUREL CANYON BOULEVARD       SUITE 115      ,91606,1593,3,3,2016,13,74,17.5,B,5,28,9,1,2015,3,30,10,A,2014,7,30,23.3,A,34.1866,-118.38871,44476,5208.8,FALSE,36.3,50,50,43.5,3.6,46397,20.5,30.6,532287,1243,21.5,64.4,7,69.3,4,5.5,0.3,0.5,18.1,2.3
1153,CA,California,Los Angeles,Northridge,"CALIFORNIA STATE UNIVERSITY, NORTHRIDGE                          ",18111 NORDHOFF                                    ,91330,8307,8,1,2016,264,6973,3.7,P,3,27,9,0,2015,413,7546,5.4,P,2014,372,7110,5.2,P,34.24765,-118.52607,3273,3096.7,FALSE,19.8,40.6,59.4,2.3,,,,,,,48.1,45.1,26.6,44.1,14.3,19,0.1,0.6,14.1,7.8
41898,CA,California,Los Angeles,Northridge,ACADEMY FOR SALON PROFESSIONALS                                  ,19520 NORDHOFF STREET              SUITE # 9      ,91324,2305,3,3,2016,6,52,11.5,A,5,30,9,0,2015,6,53,11.3,A,2014,9,73,12.3,A,34.23901,-118.54958,29617,2433.8,FALSE,37.4,53.7,46.3,43.3,3.53,75949,40.3,51.6,588323,1636,40.6,63,4.1,56.3,6.8,18.3,0.3,0.2,13.9,4.3
41460,CA,California,Los Angeles,Panorama City,NATIONAL CAREER COLLEGE                                          ,14355 ROSCOE BOULEVARD             1ST FLOOR      ,91402,4222,5,3,2016,30,179,16.7,A,5,28,9,0,2015,16,74,21.6,A,2014,10,65,15.3,A,34.22411,-118.44481,70686,7232.8,FALSE,33.4,49.3,50.7,43.3,3.91,42857,16.3,32.9,385244,1241,17.4,68.4,9.4,39.9,3.5,14.2,0.6,0.1,40.4,1.4
36463,CA,California,San Luis Obispo,Paso Robles,DESIGN'S SCHOOL OF COSMETOLOGY                                   ,2727 BUENA VISTA DRIVE             SUITE 105      ,93446,9530,3,3,2016,16,122,13.1,A,5,22,9,0,2015,24,111,21.6,A,2014,24,106,22.6,A,35.66353,-120.73097,44753,40.4,FALSE,40.6,49.5,50.5,55.8,3.06,65694,32.7,66.2,444784,1195,24.9,63.1,3.5,89.8,1.1,1.1,0.4,0,4.9,2.7
41812,CA,California,Los Angeles,Reseda,SOUTHERN CALIFORNIA HEALTH INSTITUTE (SOCHI)                     ,18040 SHERMAN WAY                  SUITE 500      ,91335,3100,3,3,2016,77,387,19.8,A,5,27,9,0,2015,87,351,24.7,A,2014,56,251,22.3,A,34.20105,-118.54067,80524,4373.7,FALSE,37.3,49.4,50.6,43.5,3.84,60413,27.7,47.5,459493,1395,25.1,65.4,6,58.2,4.3,13.2,0.9,0.1,19.9,3.4
41913,CA,California,Los Angeles,Reseda,ANNENBERG SCHOOL OF NURSING                                      ,19300 SHERMAN WAY                                 ,91335,3711,3,2,2016,2,29,6.8,B,5,30,9,1,2015,0,15,0,B,2014,0,10,0,B,34.20105,-118.54067,80524,4373.7,FALSE,37.3,49.4,50.6,43.5,3.84,60413,27.7,47.5,459493,1395,25.1,65.4,6,58.2,4.3,13.2,0.9,0.1,19.9,3.4
41582,CA,California,Los Angeles,Sherman Oaks,PAUL MITCHELL THE SCHOOL SHERMAN OAKS                            ,"15301 VENTURA BOULEVARD, UNIT P2                  ",91403,5882,3,3,2016,18,172,10.4,A,5,28,9,0,2015,22,162,13.5,A,2014,9,161,5.5,A,34.14659,-118.46286,25218,2497.2,FALSE,39.8,48.3,51.7,46.2,2.84,95944,48.4,44.2,915988,1749,60.6,74.8,8.3,80.1,6.3,7.2,0.4,0.1,1.3,4.6
12550,CA,California,Los Angeles,Sylmar,LOS ANGELES MISSION COLLEGE                                      ,13356 ELDRIDGE AVENUE                             ,91342,3200,5,1,2016,25,203,12.3,A,3,27,9,0,2015,35,248,14.1,A,2014,28,200,14,A,34.31515,-118.3851,96487,642.6,FALSE,34.5,50.5,49.5,44.7,4.16,70106,32.4,65.5,428162,1525,17.5,63.8,4.5,73.8,3.6,5.3,1,0.1,13.6,2.7
21102,CA,California,Los Angeles,Tarzana,COLUMBIA COLLEGE HOLLYWOOD                                       ,18618 OXNARD STREET                               ,91356,1411,6,2,2016,45,339,13.2,P,5,27,9,0,2015,28,272,10.2,P,2014,8,138,5.7,A,34.15508,-118.54751,30804,1550.7,FALSE,42,49,51,45.9,3.14,74561,39,56.7,876536,1546,47.2,64.2,6.8,77.1,5.2,6.7,0.1,0,6.4,4.5
25459,CA,California,Los Angeles,Tarzana,HYPNOSIS MOTIVATION INSTITUTE                                    ,"18607 VENTURA BLVD, SUITE 310                     ",91356,4154,3,2,2016,3,107,2.8,A,5,27,9,0,2015,8,100,8,A,2014,18,101,17.8,A,34.15508,-118.54751,30804,1550.7,FALSE,42,49,51,45.9,3.14,74561,39,56.7,876536,1546,47.2,64.2,6.8,77.1,5.2,6.7,0.1,0,6.4,4.5
1132,CA,California,Los Angeles,Valencia,CALIFORNIA INSTITUTE OF THE ARTS                                 ,24700 MCBEAN PARKWAY                              ,91355,2397,8,2,2016,16,320,5,A,5,25,9,0,2015,25,392,6.3,A,2014,19,362,5.2,A,34.42466,-118.58923,31455,812.1,FALSE,40.7,50,50,50.6,3.09,92707,46.3,58.8,528734,1933,45.6,65.2,5.2,71.6,3.5,12,0.2,0.1,5.6,7
41589,CA,California,Los Angeles,Valencia,FLAIR BEAUTY COLLEGE                                             ,23754 VALENCIA BOULEVARD                          ,91355,2196,3,3,2016,3,39,7.6,A,5,25,9,0,2015,1,35,2.8,A,2014,1,45,2.2,A,34.42466,-118.58923,31455,812.1,FALSE,40.7,50,50,50.6,3.09,92707,46.3,58.8,528734,1933,45.6,65.2,5.2,71.6,3.5,12,0.2,0.1,5.6,7
1228,CA,California,Los Angeles,Van Nuys,LOS ANGELES VALLEY COLLEGE                                       ,5800 FULTON AVENUE                                ,91401,4096,5,1,2016,45,439,10.2,A,3,28,9,0,2015,67,492,13.6,A,2014,64,425,15,A,34.17812,-118.43146,41412,4392.5,FALSE,36.2,50.6,49.4,42.6,3.41,54058,27.1,34.1,645162,1318,33.5,70.5,7.4,61.7,5,5.5,0.8,0,23.6,3.5
6731,CA,California,Los Angeles,Van Nuys,CASA LOMA COLLEGE                                                ,6725 KESTER AVENUE                                ,91405,4523,5,2,2016,7,236,2.9,A,5,28,9,0,2015,33,348,9.4,A,2014,31,391,7.9,A,34.20119,-118.44811,55384,5967.9,FALSE,33.4,49.2,50.8,40.8,3.73,43548,15.4,26.6,457292,1224,20.9,71.1,9.3,37.1,4.3,7,0.2,0.1,48.7,2.6
25916,CA,California,Los Angeles,Van Nuys,NORTH-WEST COLLEGE                                               ,14540 HAYNES STREET                               ,91411,1611,3,3,2016,1,184,0.5,A,5,29,9,0,2015,5,147,3.4,A,2014,4,151,2.6,A,34.17855,-118.45922,25801,4655.8,FALSE,34.9,49.2,50.8,37.3,3.4,54555,23.2,26.9,621273,1361,34.8,73.8,6.6,69.5,6,6.9,0,0.1,14.5,3
41145,CA,California,Los Angeles,Canoga Park,VALLEY COLLEGE OF MEDICAL CAREERS                                ,8399 TOPANGA CANYON BOULEVARD      SUITE 200      ,91304,2354,5,3,2016,13,77,16.8,A,5,30,9,0,2015,10,52,19.2,A,2014,12,66,18.1,A,34.22466,-118.6325,53761,2062.1,FALSE,38.2,49.7,50.3,46,3.56,68282,32.4,50.8,571509,1419,29.6,69,6,50.9,5.4,14.6,0.3,0.1,24.8,3.9
1224,CA,California,Los Angeles,Wilmington,LOS ANGELES HARBOR COLLEGE                                       ,1111 FIGUEROA PLACE                               ,90744,2397,5,1,2016,9,117,7.6,P,3,36,9,0,2015,11,102,10.7,P,2014,23,119,19.3,P,33.77864,-118.26167,57206,2491.9,FALSE,30.2,50.4,49.6,40.2,4.33,47776,16.3,37.2,374902,1111,7.6,64.4,7,53.9,2.4,2.9,4,0.4,32.6,3.7
1226,CA,California,Los Angeles,Woodland Hills,LOS ANGELES PIERCE COLLEGE                                       ,6201 WINNETKA AVENUE                              ,91371,1,5,1,2016,83,626,13.2,A,5,27,9,0,2015,96,695,13.8,A,2014,107,624,17.1,A,34.18459,-118.57636,0,1.6,FALSE,,,,,,,,,,,,,,,,,,,,
1434,DC,District of Columbia,District of Columbia,Washington,AMERICAN UNIVERSITY (THE)                                        ,4400 MASSACHUSETTS AVENUE NW                      ,20016,8020,8,2,2016,50,2717,1.8,A,5,AL      ,3,0,2015,49,2682,1.8,A,2014,66,2749,2.4,A,38.93815,-77.09147,34783,2829.2,FALSE,37.7,44.8,55.2,46.4,3,150997,64.5,69.5,921671,1925,88.1,64.7,4.4,79,6.7,7.4,0.3,0,1.5,5.1
1464,DC,District of Columbia,District of Columbia,Washington,WESLEY THEOLOGICAL SEMINARY                                      ,4500 MASSACHUSETTS AVENUE NW                      ,20016,5690,8,2,2016,2,82,2.4,A,5,AL      ,3,0,2015,4,102,3.9,A,2014,3,96,3.1,A,38.93815,-77.09147,34783,2829.2,FALSE,37.7,44.8,55.2,46.4,3,150997,64.5,69.5,921671,1925,88.1,64.7,4.4,79,6.7,7.4,0.3,0,1.5,5.1
1437,DC,District of Columbia,District of Columbia,Washington,CATHOLIC UNIVERSITY OF AMERICA (THE)                             ,"620 MICHIGAN AVENUE, NORTHEAST                    ",20064,2,8,2,2016,34,1342,2.5,P,5,AL      ,3,0,2015,50,1448,3.4,P,2014,33,1390,2.3,P,38.93639,-76.99914,2207,3769.6,FALSE,19.9,40.7,59.3,1.8,,,,,,,73.7,36.7,9,75.4,12.6,7.2,0,0.2,1.3,3.3
41427,DC,District of Columbia,District of Columbia,Washington,PONTIFICAL JOHN PAUL II INSTITUTE FOR STUDIES ON MARRIAGE AND FAM,"620 MICHIGAN AVENUE, NE            MCGIVNEY HALL  ",20064,1,8,2,2016,0,29,0,B,5,AL      ,3,1,2015,0,30,0,B,2014,0,34,0,B,38.93639,-76.99914,2207,3769.6,FALSE,19.9,40.7,59.3,1.8,,,,,,,73.7,36.7,9,75.4,12.6,7.2,0,0.2,1.3,3.3
1441,DC,District of Columbia,District of Columbia,Washington,UNIVERSITY OF THE DISTRICT OF COLUMBIA                           ,"4200 CONNECTICUT AVENUE NORTHWEST  BLDG. 39, SUITE",20008,1175,8,1,2016,187,1245,15,P,2,AL      ,3,0,2015,223,1473,15.1,P,2014,204,1251,16.3,P,38.93594,-77.05932,29457,3496.9,FALSE,38.3,46.3,53.7,40,2.6,117195,58.7,39.3,791539,1940,88.1,79,3,80.2,7.9,5.5,0.1,0,3.6,2.6
1443,DC,District of Columbia,District of Columbia,Washington,GALLAUDET UNIVERSITY                                             ,800 FLORIDA AVENUE NORTHEAST                      ,20002,3695,8,2,2016,25,286,8.7,A,5,AL      ,3,0,2015,28,315,8.8,A,2014,37,321,11.5,A,38.90511,-76.98437,64895,3852.6,FALSE,33.2,47.9,52.1,27.6,3.23,84892,44,39.4,604913,1558,60,74.3,5.8,44.5,47.5,3.1,0.2,0,2,2.7
1444,DC,District of Columbia,District of Columbia,Washington,GEORGE WASHINGTON UNIVERSITY                                     ,"2121 I STREET, NW                                 ",20052,2353,8,2,2016,87,4491,1.9,P,5,AL      ,3,0,2015,79,4632,1.7,P,2014,89,4910,1.8,P,38.90013,-77.04698,751,66553.4,FALSE,20.2,53.7,46.3,0,,,,,,,86.7,36.6,8.7,76.4,10.5,10.5,0,0,0,2.5
1445,DC,District of Columbia,District of Columbia,Washington,GEORGETOWN UNIVERSITY                                            ,37TH AND O STREETS NORTHWEST                      ,20057,1252,8,2,2016,40,3100,1.2,P,5,AL      ,3,0,2015,35,3239,1,P,2014,28,3290,0.8,P,38.90918,-77.07559,3841,8831.6,FALSE,19.8,47.7,52.3,1.1,,,,,,,88.9,38.5,5.4,65.1,9.3,18.1,0.2,0,1.6,5.7
1448,DC,District of Columbia,District of Columbia,Washington,HOWARD UNIVERSITY                                                ,"2400 SIXTH STREET, NW                             ",20059,1,8,2,2016,218,2722,8,P,2,AL      ,3,0,2015,197,2506,7.8,P,2014,201,2641,7.6,P,38.92386,-77.01612,,,FALSE,,,,,,,,,,,,,,,,,,,,
1459,DC,District of Columbia,District of Columbia,Washington,STRAYER UNIVERSITY                                               ,1133 15TH STREET NW                SUITE 200      ,20005,2603,8,3,2016,2148,20612,10.4,A,5,AL      ,3,0,2015,2527,23813,10.6,A,2014,3574,27068,13.2,A,38.90468,-77.0315,13222,11575.2,FALSE,33.7,49.8,50.2,31,2.72,94611,47.2,22.5,487867,1885,75.7,82.7,2.7,61.8,16.3,8.5,0.9,0.1,8.4,4
31043,DC,District of Columbia,District of Columbia,Washington,CAREER TECHNICAL INSTITUTE                                       ,"1101 VERMONT AVE, NW                              ",20005,3521,5,3,2016,97,432,22.4,A,5,AL      ,3,0,2015,156,544,28.6,A,2014,164,548,29.9,A,38.90468,-77.0315,13222,11575.2,FALSE,33.7,49.8,50.2,31,2.72,94611,47.2,22.5,487867,1885,75.7,82.7,2.7,61.8,16.3,8.5,0.9,0.1,8.4,4
32183,DC,District of Columbia,District of Columbia,Washington,UNIVERSITY OF THE POTOMAC                                        ,1401 H STREET NORTHWEST                           ,20005,9997,8,3,2016,18,89,20.2,A,5,AL      ,3,0,2015,30,179,16.7,A,2014,34,178,19.1,A,38.90468,-77.0315,13222,11575.2,FALSE,33.7,49.8,50.2,31,2.72,94611,47.2,22.5,487867,1885,75.7,82.7,2.7,61.8,16.3,8.5,0.9,0.1,8.4,4
1460,DC,District of Columbia,District of Columbia,Washington,TRINITY WASHINGTON UNIVERSITY                                    ,"125 MICHIGAN AVENUE, NORTHEAST                    ",20017,1004,8,2,2016,121,874,13.8,A,5,AL      ,3,0,2015,134,1082,12.3,A,2014,103,1001,10.2,A,38.93845,-76.99317,20450,3091.4,FALSE,37,46.6,53.4,32.4,3.31,77560,40.1,57.8,477475,1529,49.6,64.4,8,27.2,61.4,2.7,1.5,0,4.3,2.8
12803,DC,District of Columbia,District of Columbia,Washington,DOMINICAN HOUSE OF STUDIES                                       ,487 MICHIGAN AVENUE NORTHEAST                     ,20017,1584,8,2,2016,0,14,0,B,5,AL      ,3,1,2015,0,19,0,B,2014,0,18,0,B,38.93845,-76.99317,20450,3091.4,FALSE,37,46.6,53.4,32.4,3.31,77560,40.1,57.8,477475,1529,49.6,64.4,8,27.2,61.4,2.7,1.5,0,4.3,2.8
34096,DC,District of Columbia,District of Columbia,Washington,BENNETT CAREER INSTITUTE                                         ,700 MONROE ST NE                                  ,20017,1754,3,3,2016,53,131,40.4,A,5,AL      ,3,0,2015,43,154,27.9,A,2014,35,118,29.6,A,38.93845,-76.99317,20450,3091.4,FALSE,37,46.6,53.4,32.4,3.31,77560,40.1,57.8,477475,1529,49.6,64.4,8,27.2,61.4,2.7,1.5,0,4.3,2.8
21328,DC,District of Columbia,District of Columbia,Washington,NATIONAL CONSERVATORY OF DRAMATIC ARTS                           ,1556 WISCONSIN AVENUE NORTHWEST                   ,20007,2758,4,2,2016,7,51,13.7,B,5,AL      ,3,1,2015,7,50,14,B,2014,4,41,9.7,B,38.91418,-77.07866,27562,3455.4,FALSE,34.6,46.4,53.6,38,2.86,130920,59.8,53.9,977599,1897,87.2,73.4,4.2,81.7,5.5,6.9,0.2,0.1,1.8,3.8
37503,DC,District of Columbia,District of Columbia,Washington,PROSPECT COLLEGE                                                 ,1720 I STREET NW SUITE 200                        ,20006,3749,3,3,2016,78,353,22,A,5,AL      ,3,0,2015,64,304,21,A,2014,34,235,14.4,A,38.89859,-77.04134,2756,3669.1,FALSE,19.7,43.9,56.1,5.4,2.22,46319,18.1,6.6,,1760,85.5,40.7,9.7,68.3,11.3,13.9,0,0.3,1.3,4.9
41144,DC,District of Columbia,District of Columbia,Washington,INSTITUTE OF WORLD POLITICS (THE)                                ,"1521 16TH STREET, NW                              ",20036,1464,8,2,2016,0,51,0,A,5,AL      ,3,0,2015,0,33,0,A,2014,1,53,1.8,A,38.90696,-77.04166,5798,6303.5,FALSE,33.4,47.2,52.8,32.2,2.2,88553,44,35.7,384617,1922,90.7,81.5,1.9,83.6,3.8,8.3,0,0.6,0.7,3.1
39413,FL,Florida,Collier,Immokalee,AVE MARIA UNIVERSITY                                             ,5050 AVE MARIA BOULEVARD                          ,34142,9505,8,2,2016,13,301,4.3,A,5,14,4,0,2015,27,312,8.6,A,2014,28,277,10.1,A,26.33816,-81.33596,30955,17.9,FALSE,27.8,55.2,44.8,34.9,4.47,32128,11.5,40.7,143537,773,8.3,67.5,11,71.3,19.3,0.5,1.6,0,6.6,0.7
1531,FL,Florida,Volusia,Deland,STETSON UNIVERSITY                                               ,421 NORTH WOODLAND BOULEVARD                      ,32723,3761,8,2,2016,26,971,2.6,P,5,7,4,0,2015,40,993,4,P,2014,43,1003,4.2,P,29.00996,-81.30877,,,FALSE,,,,,,,,,,,,,,,,,,,,
7893,FL,Florida,St. Johns,Saint Augustine,FLAGLER COLLEGE                                                  ,74 KING STREET                                    ,32085,4342,8,2,2016,18,901,1.9,A,5,7,4,0,2015,37,928,3.9,A,2014,67,971,6.9,A,29.88685,-81.34372,,,FALSE,,,,,,,,,,,,,,,,,,,,
1526,FL,Florida,Pasco,Saint Leo,SAINT LEO UNIVERSITY                                             ,33701 STATE ROAD 52                               ,33574,6665,8,2,2016,434,5943,7.3,A,5,5,4,0,2015,475,5955,7.9,A,2014,479,5588,8.5,A,28.33183,-82.27405,,,FALSE,,,,,,,,,,,,,,,,,,,,
1487,FL,Florida,Pinellas,Saint Petersburg,ECKERD COLLEGE                                                   ,4200 54TH AVENUE SOUTH                            ,33711,4744,6,2,2016,16,482,3.3,A,5,10,4,0,2015,27,540,5,A,2014,31,522,5.9,A,27.7389,-82.68844,20366,1552,FALSE,37.9,46.4,53.6,30.6,3.38,39720,15,57.3,152174,1140,24.1,53.8,8.6,38,56.2,1.3,0.1,0,1.4,3
10161,FL,Florida,Pinellas,Saint Petersburg,LORAINES ACADEMY & SPA                                           ,1012 58TH STREET NORTH                            ,33710,6391,3,3,2016,2,119,1.6,A,5,10,4,0,2015,2,131,1.5,A,2014,4,115,3.4,A,27.79012,-82.73041,33883,1594.8,FALSE,44.3,49.7,50.3,44.2,3.2,57815,21.9,75.6,177553,985,30.3,66,4.5,86.6,4.5,4.1,0.2,0.1,0.6,3.9
22796,FL,Florida,Pinellas,Saint Petersburg,CORTIVA INSTITUTE                                                ,2370 34TH STREET NORTH                            ,33713,3614,2,3,2016,57,342,16.6,A,5,10,4,0,2015,41,215,19,A,2014,26,158,16.4,A,27.78879,-82.67754,32350,1756.3,FALSE,41.3,50.3,49.7,38.2,3.29,54067,20.4,64.7,149717,1102,25.4,66.3,4.8,75.4,8.8,10,0.3,0.1,2.5,3
1578,GA,Georgia,Troup,Lagrange,LAGRANGE COLLEGE                                                 ,601 BROAD STREET                                  ,30240,2999,8,2,2016,36,359,10,A,5,8,4,0,2015,41,397,10.3,A,2014,31,370,8.3,A,33.03625,-85.12366,29114,83,FALSE,36,46.1,53.9,43.8,3.35,44422,18.6,59.3,151881,791,26.1,62.2,7.3,62.6,31.3,1.8,0.3,0,1.5,2.5
1623,ID,Idaho,Kootenai,Coeur D Alene,NORTH IDAHO COLLEGE                                              ,1000 WEST GARDEN AVENUE                           ,83814,2199,5,1,2016,242,1421,17,A,5,1,10,0,2015,277,1664,16.6,A,2014,433,1910,22.6,A,47.63961,-116.75208,26607,45.5,FALSE,38.7,49.7,50.3,46.7,2.87,50498,20.6,54.4,274762,873,31.1,62,6.4,94.6,0.3,0.8,1.1,0.1,1.2,1.9
1737,IL,Illinois,DeKalb,Dekalb,NORTHERN ILLINOIS UNIVERSITY                                     ,ALTGELD HALL - ROOM 300A                          ,60115,2854,8,1,2016,399,5055,7.8,P,5,14,5,0,2015,439,5669,7.7,P,2014,466,5802,8,P,41.90082,-88.7548,45325,221.3,FALSE,25,48.8,51.2,30.6,3.2,44747,20,39.7,157237,874,37.6,65.6,10.7,73.3,15.1,4.4,0.1,0,4.2,2.8
1835,IN,Indiana,Vigo,Saint Mary Of The Woods,SAINT MARY OF THE WOODS COLLEGE                                  ,1 SAINT MARY OF THE WOODS COLLEGE                 ,47876,67,8,2,2016,18,345,5.2,A,5,8,5,0,2015,19,363,5.2,A,2014,21,360,5.8,A,39.51321,-87.45963,354,324.1,FALSE,51.3,0,100,2.8,,,,,,,29.7,32.2,7.9,92.7,4,2.3,0,0,1.1,0
7276,IN,Indiana,Spencer,Saint Meinrad,SAINT MEINRAD SCHOOL OF THEOLOGY                                 ,200 HILL DRIVE                                    ,47577,1002,8,2,2016,0,20,0,B,5,9,5,1,2015,0,23,0,B,2014,1,20,5,B,38.15219,-86.80674,1297,17.5,FALSE,43.9,58.1,41.9,63.4,3.02,67250,26.9,92.4,171294,,15.1,70.7,4.4,98.5,0,1.5,0,0,0,0
22890,IA,Iowa,Henry,Mount Pleasant,AMERICAN HAIR ACADEMY                                            ,304 SOUTH IRIS STREET                             ,52641,1856,4,3,2016,2,52,3.8,B,5,2,7,1,2015,4,66,6,B,2014,5,76,6.5,B,40.98968,-91.58718,12254,22.5,FALSE,38.9,51.6,48.4,50.8,2.81,53922,20.6,67.6,121250,692,21.2,60.3,2.8,89,3.5,3.9,0.4,0,0.8,2.4
1908,KS,Kansas,McPherson,Mcpherson,CENTRAL CHRISTIAN COLLEGE OF KANSAS                              ,1200 SOUTH MAIN STREET                            ,67460,5799,6,2,2016,144,527,27.3,A,5,1,7,0,2015,104,375,27.7,A,2014,63,287,21.9,A,38.38362,-97.69809,14973,25.5,FALSE,38.9,51.5,48.5,57.7,2.77,55764,23,67,146991,766,30.4,68.8,2.4,94.4,1.2,0.9,0.3,0,0.4,2.8
1933,KS,Kansas,McPherson,Mcpherson,MCPHERSON COLLEGE                                                ,1600 EAST EUCLID STREET                           ,67460,3899,8,2,2016,27,204,13.2,A,5,1,7,0,2015,31,276,11.2,A,2014,29,251,11.5,A,38.38362,-97.69809,14973,25.5,FALSE,38.9,51.5,48.5,57.7,2.77,55764,23,67,146991,766,30.4,68.8,2.4,94.4,1.2,0.9,0.3,0,0.4,2.8
10014,MD,Maryland,Garrett,Mc Henry,GARRETT COLLEGE                                                  ,687 MOSSER ROAD                                   ,21541,1265,5,1,2016,31,191,16.2,A,5,6,3,0,2015,55,223,24.6,A,2014,57,246,23.1,A,39.55454,-79.36817,1354,22.7,FALSE,43.1,50.7,49.3,52.9,2.55,45714,15.1,71.2,225073,846,36.5,56.9,0,87.1,5.9,1,0.9,0,1.3,3.8
2128,MA,Massachusetts,Norfolk,Chestnut Hill,BOSTON COLLEGE                                                   ,140 COMMONWEALTH AVENUE                           ,2467,3800,8,2,2016,31,2003,1.5,P,5,4,1,0,2015,27,2229,1.2,P,2014,21,2291,0.9,P,42.31641,-71.16118,21864,1782,FALSE,23.9,45.6,54.4,37.7,3,126630,63.3,68.3,844504,2187,78.6,55.3,4.3,72.3,5,15.7,0,0,1.4,5.6
2201,MA,Massachusetts,Norfolk,Chestnut Hill,PINE MANOR COLLEGE                                               ,400 HEATH STREET                                  ,2467,2332,8,2,2016,29,123,23.5,A,5,4,1,0,2015,18,108,16.6,A,2014,23,128,17.9,A,42.31641,-71.16118,21864,1782,FALSE,23.9,45.6,54.4,37.7,3,126630,63.3,68.3,844504,2187,78.6,55.3,4.3,72.3,5,15.7,0,0,1.4,5.6
2157,MA,Massachusetts,Middlesex,Newton Center,HEBREW COLLEGE                                                   ,160 HERRICK ROAD                                  ,2459,2237,8,2,2016,2,59,3.3,B,5,4,1,1,2015,1,30,3.3,A,2014,1,42,2.3,B,42.31493,-71.19174,19463,1473.5,FALSE,43.2,46.7,53.3,59.2,3.03,177005,68.5,80.7,1048354,1903,86.8,63.7,1.9,77.2,2.7,17.2,0.1,0,0.6,2.1
2168,MA,Massachusetts,Barnstable,West Barnstable,CAPE COD COMMUNITY COLLEGE                                       ,2240 IYANNOUGH ROAD                               ,2668,1599,5,1,2016,45,299,15,A,5,10,1,0,2015,47,317,14.8,A,2014,57,391,14.5,A,41.71178,-70.35675,2723,83.3,FALSE,54.5,41.8,58.2,48.8,2.85,100528,50.9,80.2,452821,1419,46.2,62.1,3.1,94.8,1.9,0,0,0,0,3.3
2243,MI,Michigan,Isabella,Mount Pleasant,CENTRAL MICHIGAN UNIVERSITY                                      ,106 WARRINER HALL                                 ,48859,1,8,1,2016,313,6380,4.9,A,5,2,5,0,2015,340,6546,5.1,A,2014,330,6734,4.9,A,43.5976,-84.77801,,,FALSE,,,,,,,,,,,,,,,,,,,,
41211,MI,Michigan,Oakland,Royal Oak,ELEVATE SALON INSTITUTE                                          ,4050 CROOKS ROAD                                  ,48067,3591,3,3,2016,20,103,19.4,A,5,12,5,0,2015,14,115,12.1,A,2014,17,162,10.4,A,42.49046,-83.13793,24901,2057.2,FALSE,34.6,51.8,48.2,42.4,2.87,82025,39.9,66.8,219278,1138,59.7,76.8,3.4,90.7,3.5,2.7,0,0,0.3,2.7
2293,MI,Michigan,Chippewa,Sault Sainte Marie,LAKE SUPERIOR STATE UNIVERSITY                                   ,650 WEST EASTERDAY AVENUE                         ,49783,1691,8,1,2016,34,652,5.2,A,5,1,5,0,2015,42,685,6.1,A,2014,47,684,6.8,A,46.41473,-84.28349,19299,50.3,FALSE,36.9,52.3,47.7,40.7,3,42209,13.8,61.7,109381,692,26.8,60.5,8,74,3,1.3,14.2,0.3,0,7.3
30752,MI,Michigan,Berrien,Saint Joseph,TWIN CITY BEAUTY COLLEGE                                         ,2600 LINCOLN AVENUE                               ,49085,3305,3,3,2016,12,119,10,A,5,6,5,0,2015,9,146,6.1,A,2014,8,150,5.3,A,42.05012,-86.46029,23716,390.5,FALSE,44.7,50.5,49.5,60.5,2.84,71205,34.2,75.3,195990,794,48.1,62.8,2.8,89.2,2.2,5.2,0.6,0,0.7,2.1
2251,MI,Michigan,Bay,University Center,DELTA COLLEGE                                                    ,1961 DELTA ROAD                                   ,48710,1,5,1,2016,239,1502,15.9,A,5,5,5,0,2015,321,1861,17.2,A,2014,385,1905,20.2,A,43.55651,-83.98782,0,0,FALSE,,,,,,,,,,,,,,,,,,,,
2314,MI,Michigan,Bay,University Center,SAGINAW VALLEY STATE UNIVERSITY                                  ,7400 BAY ROAD                                     ,48710,1,8,1,2016,215,2651,8.1,A,5,5,5,0,2015,228,2804,8.1,A,2014,206,2746,7.5,A,43.55651,-83.98782,0,0,FALSE,,,,,,,,,,,,,,,,,,,,
2377,MN,Minnesota,Stearns,Saint Cloud,ST. CLOUD STATE UNIVERSITY                                       ,720 FOURTH AVENUE SOUTH                           ,56301,4498,8,1,2016,164,3504,4.6,A,5,6,5,0,2015,204,3846,5.3,A,2014,181,3844,4.7,A,45.48809,-94.24224,35051,168.8,FALSE,25.4,50.8,49.2,37.8,3.14,51722,20.8,52.7,183749,839,32.4,75,8.3,77.8,14.1,3.6,0.6,0,0.8,3.1
8694,MN,Minnesota,Stearns,Saint Cloud,RASMUSSEN COLLEGE                                                ,226 PARK AVENUE SOUTH                             ,56301,3713,8,3,2016,782,10677,7.3,P,5,6,5,0,2015,804,11188,7.1,P,2014,946,11604,8.1,P,45.48809,-94.24224,35051,168.8,FALSE,25.4,50.8,49.2,37.8,3.14,51722,20.8,52.7,183749,839,32.4,75,8.3,77.8,14.1,3.6,0.6,0,0.8,3.1
9831,MN,Minnesota,Stearns,Saint Cloud,MODEL COLLEGE OF HAIR DESIGN                                     ,"201 8TH AVENUE, SOUTH                             ",56301,4280,3,3,2016,12,79,15.1,A,5,6,5,0,2015,11,84,13,A,2014,15,90,16.6,A,45.48809,-94.24224,35051,168.8,FALSE,25.4,50.8,49.2,37.8,3.14,51722,20.8,52.7,183749,839,32.4,75,8.3,77.8,14.1,3.6,0.6,0,0.8,3.1
2342,MN,Minnesota,Ramsey,Saint Paul,ST. CATHERINE UNIVERSITY                                         ,2004 RANDOLPH AVENUE                              ,55105,1789,8,2,2016,48,1378,3.4,A,5,4,5,0,2015,46,1456,3.1,A,2014,72,1559,4.6,A,44.9346,-93.16817,26729,3041.5,FALSE,32.8,47.8,52.2,46,3,88341,44.5,67.4,335088,969,75.3,74.8,3.7,91.5,2.1,3.3,0.1,0,0.4,2.5
2358,MN,Minnesota,Ramsey,Saint Paul,MACALESTER COLLEGE                                               ,1600 GRAND AVENUE                                 ,55105,1899,6,2,2016,3,349,0.8,A,5,4,5,0,2015,4,381,1,A,2014,3,373,0.8,A,44.9346,-93.16817,26729,3041.5,FALSE,32.8,47.8,52.2,46,3,88341,44.5,67.4,335088,969,75.3,74.8,3.7,91.5,2.1,3.3,0.1,0,0.4,2.5
2345,MN,Minnesota,Ramsey,Saint Paul,UNIVERSITY OF SAINT THOMAS                                       ,2115 SUMMIT AVENUE                                ,55105,1096,8,2,2016,25,2119,1.1,P,5,4,5,0,2015,45,2276,1.9,P,2014,39,2177,1.7,P,44.9346,-93.16817,26729,3041.5,FALSE,32.8,47.8,52.2,46,3,88341,44.5,67.4,335088,969,75.3,74.8,3.7,91.5,2.1,3.3,0.1,0,0.4,2.5
2391,MN,Minnesota,Ramsey,Saint Paul,MITCHELL HAMLINE SCHOOL OF LAW                                   ,875 SUMMIT AVENUE                                 ,55105,3076,7,2,2016,12,250,4.8,A,5,4,5,0,2015,4,296,1.3,A,2014,8,306,2.6,A,44.9346,-93.16817,26729,3041.5,FALSE,32.8,47.8,52.2,46,3,88341,44.5,67.4,335088,969,75.3,74.8,3.7,91.5,2.1,3.3,0.1,0,0.4,2.5
2347,MN,Minnesota,Ramsey,Saint Paul,CONCORDIA UNIVERSITY - SAINT PAUL                                ,1282 CONCORDIA AVENUE                             ,55104,5494,8,2,2016,85,1440,5.9,A,5,4,5,0,2015,68,1292,5.2,A,2014,52,1128,4.6,A,44.95447,-93.16221,45535,2756.8,FALSE,30.4,48.6,51.4,34.9,3.34,60474,26.5,50.5,212378,888,47.5,75,5.2,63.1,19.3,8.6,1.5,0.1,2.2,5.4
2354,MN,Minnesota,Ramsey,Saint Paul,HAMLINE UNIVERSITY                                               ,1536 HEWITT AVENUE                                ,55104,1284,8,2,2016,44,1277,3.4,P,5,4,5,0,2015,53,1389,3.8,P,2014,47,1375,3.4,P,44.95447,-93.16221,45535,2756.8,FALSE,30.4,48.6,51.4,34.9,3.34,60474,26.5,50.5,212378,888,47.5,75,5.2,63.1,19.3,8.6,1.5,0.1,2.2,5.4
2371,MN,Minnesota,Ramsey,Saint Paul,UNIVERSITY OF NORTHWESTERN- ST PAUL                              ,3003 SNELLING AVENUE NORTH                        ,55113,1598,8,2,2016,19,719,2.6,A,5,4,5,0,2015,13,702,1.8,A,2014,25,765,3.2,A,45.013,-93.15553,41608,1009.1,FALSE,39.6,47,53,47.5,3.01,66413,30.5,64.7,237108,999,51.5,65.8,3.7,77.4,7.9,8.8,0.5,0,0.9,4.3
9058,MN,Minnesota,Ramsey,Saint Paul,BETHEL UNIVERSITY                                                ,3900 BETHEL DRIVE                                 ,55112,6999,8,2,2016,34,1386,2.4,P,5,4,5,0,2015,36,1402,2.5,P,2014,30,1509,1.9,P,45.07658,-93.18893,45895,878.3,FALSE,37.2,47.6,52.4,49.9,3.11,70842,33.3,67.7,231874,990,45.5,68.5,4.7,79.6,7.4,6.5,0.3,0.1,2.7,3.5
10374,MN,Minnesota,Ramsey,Saint Paul,METROPOLITAN STATE UNIVERSITY                                    ,700 EAST 7TH STREET                               ,55106,5000,8,1,2016,162,2661,6,A,5,4,5,0,2015,159,2673,5.9,A,2014,149,2716,5.4,A,44.96348,-93.04827,58160,2352.7,FALSE,29.5,50.7,49.3,37.5,4.01,50193,16.4,54.5,150202,924,19.1,68.3,6.7,40.5,14.5,36,0.9,0,2.7,5.5
2353,MN,Minnesota,Nicollet,Saint Peter,GUSTAVUS ADOLPHUS COLLEGE                                        ,800 WEST COLLEGE AVENUE                           ,56082,1498,6,2,2016,9,609,1.4,A,5,1,5,0,2015,6,540,1.1,A,2014,7,571,1.2,A,44.35226,-94.03245,14502,42.3,FALSE,32.4,50.8,49.2,43.2,2.93,61860,22.7,70.4,174825,895,31.7,70.3,3,91.4,3.2,2.8,0.1,0,0.4,2.2
2383,MN,Minnesota,Hennepin,Saint Bonifacius,CROWN COLLEGE                                                    ,8700 COLLEGE VIEW DRIVE                           ,55375,9001,8,2,2016,29,394,7.3,A,5,3,5,0,2015,46,491,9.3,A,2014,44,440,10,A,44.89698,-93.74285,4968,333,FALSE,34,46.2,53.8,57.3,3.36,101818,51.5,87.7,297498,823,44,77.8,3.6,91.9,1.7,5,0.1,0,0.2,1.1
5534,MN,Minnesota,Stearns,Saint Cloud,ST. CLOUD TECHNICAL AND COMMUNITY COLLEGE                        ,1540 NORTHWAY DRIVE                               ,56303,1240,5,1,2016,173,1590,10.8,A,5,6,5,0,2015,209,1698,12.3,A,2014,260,1845,14,A,45.5744,-94.21155,24674,898.7,FALSE,38.8,50.9,49.1,44.5,2.94,49538,18.6,63.3,145189,726,31,68.2,5.3,85.8,7.9,2.6,0.5,0,0.9,2.3
2341,MN,Minnesota,Stearns,Saint Joseph,COLLEGE OF SAINT BENEDICT                                        ,37 SOUTH COLLEGE AVENUE                           ,56374,2099,6,2,2016,5,464,1,A,5,7,5,0,2015,6,449,1.3,A,2014,2,453,0.4,A,45.60708,-94.33583,10622,56.3,FALSE,29.4,43.5,56.5,45.6,3.05,67994,28,77.2,181855,717,36.9,74.7,3.7,95.3,1.5,1.4,0.4,0,0.2,1.2
2357,MN,Minnesota,Ramsey,Saint Paul,LUTHER SEMINARY                                                  ,2481 COMO AVENUE                                  ,55108,1496,8,2,2016,1,83,1.2,A,5,4,5,0,2015,1,127,0.7,A,2014,3,95,3.1,A,44.98095,-93.17541,15929,1441.2,FALSE,32.7,47.4,52.6,44.3,2.88,69918,32.7,48.8,265561,993,69.5,70.9,4.7,75.6,8.3,11.6,0.5,0,0.5,3.6
5533,MN,Minnesota,Ramsey,Saint Paul,SAINT PAUL COLLEGE - A COMMUNITY & TECHNICAL COLLEGE             ,235 MARSHALL AVENUE                               ,55102,1800,5,1,2016,433,2152,20.1,A,5,4,5,0,2015,520,2486,20.9,A,2014,671,2720,24.6,A,44.93189,-93.1216,18346,2159.9,FALSE,38.1,47.9,52.1,32.4,2.83,56084,22.9,42.4,199490,935,49.4,69.8,3.9,77.6,11.4,2,0.9,0,3.6,4.5
2396,MS,Mississippi,Claiborne,Lorman,ALCORN STATE UNIVERSITY                                          ,1000 ASU DRIVE                                    ,39096,7500,8,1,2016,282,1312,21.4,A,2,2,4,0,2015,291,1485,19.5,A,2014,261,1599,16.3,A,31.82548,-91.11572,1887,4.6,FALSE,21.2,43,57,19.5,3.57,18224,8,52.3,51829,586,32.3,32.7,6.4,5.9,92.9,0.2,0.6,0,0.4,0
2413,MS,Mississippi,Lauderdale,Meridian,MERIDIAN COMMUNITY COLLEGE                                       ,910 HIGHWAY 19 NORTH                              ,39307,5890,5,1,2016,65,393,16.5,A,5,3,4,0,2015,59,480,12.2,A,2014,118,621,19,A,32.33768,-88.79619,17145,75.3,FALSE,35.3,52.6,47.4,33.8,3.13,29966,7.8,60.6,72153,658,11.5,50.2,9.5,31.7,66.5,0.4,0.1,0,0.8,0.4
41748,MO,Missouri,St. Louis,Saint Ann,AMERICAN TRADE SCHOOL                                            ,3925 INDUSTRIAL DRIVE                             ,63074,1807,5,3,2016,5,64,7.8,A,5,1,7,0,2015,6,67,8.9,A,2014,10,81,12.3,A,38.7265,-90.3887,15234,1523.8,FALSE,34.1,48,52,34.2,3.05,45663,9.6,48.9,87502,837,18.7,70.1,7.8,57.7,34.7,2.8,0.1,0,1,3.6
2480,MO,Missouri,St. Charles,Saint Charles,LINDENWOOD UNIVERSITY                                            ,209 SOUTH KINGSHIGHWAY                            ,63301,1695,8,2,2016,61,3641,1.6,A,5,2,7,0,2015,76,3571,2.1,A,2014,90,3775,2.3,A,38.86333,-90.46736,50675,211.9,FALSE,35.5,48.2,51.8,41.2,2.9,59406,24.3,67.2,169524,868,30.6,65.3,3.5,89.7,4.8,1.5,0.1,0,0.8,3
2490,MO,Missouri,Buchanan,Saint Joseph,MISSOURI WESTERN STATE UNIVERSITY                                ,4525 DOWNS DRIVE                                  ,64507,2294,8,1,2016,192,1437,13.3,A,5,6,7,0,2015,226,1560,14.4,A,2014,228,1613,14.1,A,39.72863,-94.75994,13604,93.6,FALSE,37.6,51.2,48.8,50.6,3.22,53927,18.4,65.9,104744,765,19.9,70.1,3.2,88.9,5.2,0.7,0.2,0.1,0.7,4.3
8269,MO,Missouri,Buchanan,Saint Joseph,HILLYARD TECHNICAL CENTER                                        ,3434 FARAON STREET                                ,64506,5102,4,1,2016,3,67,4.4,A,5,6,7,0,2015,5,87,5.7,A,2014,7,60,11.6,A,39.78974,-94.80173,24304,843.2,FALSE,37.7,50.9,49.1,44.2,3.09,60970,25,63,168028,781,33.1,56.9,4.4,86.2,7.4,2.2,0.6,0.1,0.7,2.8
41187,MO,Missouri,Buchanan,Saint Joseph,AMERICAN BUSINESS & TECHNOLOGY UNIVERSITY                        ,1018 WEST SAINT MAARTENS DRIVE                    ,64506,2961,6,3,2016,7,64,10.9,A,5,6,7,0,2015,23,151,15.2,A,2014,34,187,18.1,A,39.78974,-94.80173,24304,843.2,FALSE,37.7,50.9,49.1,44.2,3.09,60970,25,63,168028,781,33.1,56.9,4.4,86.2,7.4,2.2,0.6,0.1,0.7,2.8
1632,MO,Missouri,St. Louis,Saint Louis,AQUINAS INSTITUTE OF THEOLOGY                                    ,23 SOUTH SPRING AVENUE                            ,63108,3323,8,2,2016,2,25,8,B,5,1,7,1,2015,3,27,11.1,B,2014,3,22,13.6,B,38.64481,-90.25351,20704,3717.3,FALSE,32.6,50.4,49.6,25.7,2.72,46009,24.5,29,350343,929,60,60.3,7.4,54.2,33.9,9.3,0.2,0,0.8,1.6
2457,MO,Missouri,St. Louis,Saint Louis,CONCORDIA SEMINARY                                               ,801 SEMINARY PLACE                                ,63105,3199,8,2,2016,0,83,0,A,5,3,7,0,2015,1,60,1.6,A,2014,0,75,0,A,38.64436,-90.32831,18333,2554.5,FALSE,32,50,50,41.9,2.78,102180,50.5,59.9,595320,1194,78.5,53.2,2.9,77.7,6.5,13.1,0.1,0,0.1,2.4
2464,MO,Missouri,St. Louis,Saint Louis,FONTBONNE UNIVERSITY                                             ,6800 WYDOWN BOULEVARD                             ,63105,3098,8,2,2016,27,619,4.3,A,5,3,7,0,2015,35,635,5.5,A,2014,49,797,6.1,A,38.64436,-90.32831,18333,2554.5,FALSE,32,50,50,41.9,2.78,102180,50.5,59.9,595320,1194,78.5,53.2,2.9,77.7,6.5,13.1,0.1,0,0.1,2.4
2466,MO,Missouri,St. Louis,Saint Louis,HARRIS - STOWE STATE UNIVERSITY                                  ,3026 LACLEDE AVENUE                               ,63103,2199,6,1,2016,127,584,21.7,A,2,1,7,0,2015,133,616,21.5,A,2014,157,675,23.2,A,38.62974,-90.21678,8307,1233.8,FALSE,32.5,55.2,44.8,17,2.51,40247,13.5,12.8,172615,870,45.3,66.3,4.3,49.2,41.4,5.1,0.3,0,2.5,1.4
2506,MO,Missouri,St. Louis,Saint Louis,SAINT LOUIS UNIVERSITY                                           ,ONE GRAND BOULEVARD                               ,63103,2097,8,2,2016,68,2639,2.5,P,5,1,7,0,2015,78,2932,2.6,P,2014,81,2884,2.8,P,38.62974,-90.21678,8307,1233.8,FALSE,32.5,55.2,44.8,17,2.51,40247,13.5,12.8,172615,870,45.3,66.3,4.3,49.2,41.4,5.1,0.3,0,2.5,1.4
8552,MO,Missouri,St. Louis,Saint Louis,STEVENS - THE INSTITUTE OF BUSINESS & ARTS                       ,1521 WASHINGTON AVENUE                            ,63103,0,6,3,2016,4,84,4.7,A,5,1,7,0,2015,11,76,14.4,A,2014,8,77,10.3,A,38.62974,-90.21678,8307,1233.8,FALSE,32.5,55.2,44.8,17,2.51,40247,13.5,12.8,172615,870,45.3,66.3,4.3,49.2,41.4,5.1,0.3,0,2.5,1.4
2471,MO,Missouri,St. Louis,Bridgeton,SAINT LOUIS COMMUNITY COLLEGE                                    ,3221 MCKELVEY ROAD                                ,63044,2551,5,1,2016,213,1684,12.6,P,5,1,7,0,2015,261,1886,13.8,P,2014,248,2028,12.2,P,38.76981,-90.42897,10536,272.3,FALSE,41.8,46.3,53.7,45.5,3.03,61061,26.2,68.5,161467,881,28.1,62.5,6.8,73.4,20.6,2.2,0.1,0,1.4,2.3
2476,MO,Missouri,St. Louis,Saint Louis,KENRICK - GLENNON SEMINARY                                       ,5200 GLENNON DRIVE                                ,63119,4330,8,2,2016,1,4,25,B,5,3,7,1,2015,1,4,25,B,2014,1,2,50,B,38.58851,-90.35132,34119,1558.3,FALSE,39.8,46.2,53.8,53.7,3.08,82462,40,75.4,234911,995,62.6,65.5,3.4,87,7.8,2.5,0.1,0,0.5,2.1
2521,MO,Missouri,St. Louis,Saint Louis,WEBSTER UNIVERSITY                                               ,470 EAST LOCKWOOD AVENUE                          ,63119,3194,8,2,2016,211,4352,4.8,A,5,3,7,0,2015,235,5005,4.6,A,2014,237,5064,4.6,A,38.58851,-90.35132,34119,1558.3,FALSE,39.8,46.2,53.8,53.7,3.08,82462,40,75.4,234911,995,62.6,65.5,3.4,87,7.8,2.5,0.1,0,0.5,2.1
2504,MO,Missouri,St. Louis,Saint Louis,ST. LOUIS COLLEGE OF PHARMACY                                    ,4588 PARKVIEW PLACE                               ,63110,1088,7,2,2016,2,266,0.7,P,5,1,7,0,2015,0,257,0,P,2014,1,241,0.4,P,38.62586,-90.26699,18208,1054.7,FALSE,33.9,46.4,53.6,34.9,2.95,55414,24.9,43.6,194421,858,53.8,71.8,4.4,61.4,31,4.5,0,0,0.8,2.3
6389,MO,Missouri,St. Louis,Saint Louis,GOLDFARB SCHOOL OF NURSING AT BARNES-JEWISH COLLEGE              ,4483 DUNCAN                        MAILSTOP 90-36-,63110,1091,8,2,2016,6,460,1.3,P,5,1,7,0,2015,6,499,1.2,P,2014,1,455,0.2,P,38.62586,-90.26699,18208,1054.7,FALSE,33.9,46.4,53.6,34.9,2.95,55414,24.9,43.6,194421,858,53.8,71.8,4.4,61.4,31,4.5,0,0,0.8,2.3
23405,MO,Missouri,St. Louis,Saint Louis,SAINT LOUIS COLLEGE OF HEALTH CAREERS                            ,909 SOUTH TAYLOR                                  ,63110,1511,6,3,2016,38,510,7.4,A,5,1,7,0,2015,49,615,7.9,A,2014,73,660,11,A,38.62586,-90.26699,18208,1054.7,FALSE,33.9,46.4,53.6,34.9,2.95,55414,24.9,43.6,194421,858,53.8,71.8,4.4,61.4,31,4.5,0,0,0.8,2.3
4707,MO,Missouri,St. Louis,Saint Louis,COVENANT THEOLOGICAL SEMINARY                                    ,12330 CONWAY ROAD                                 ,63141,8609,8,2,2016,1,66,1.5,A,5,1,7,0,2015,4,86,4.6,A,2014,1,108,0.9,A,38.65829,-90.45818,20550,564,FALSE,47.5,48.5,51.5,57.3,2.91,111774,54.8,75.1,431681,1178,71.6,62.6,2.5,78,6.8,10.9,0.5,0.2,0.3,3.3
7540,MO,Missouri,St. Louis,Saint Louis,MISSOURI BAPTIST UNIVERSITY                                      ,ONE COLLEGE PARK DRIVE                            ,63141,8698,8,2,2016,66,954,6.9,A,5,1,7,0,2015,81,1170,6.9,A,2014,90,1105,8.1,A,38.65829,-90.45818,20550,564,FALSE,47.5,48.5,51.5,57.3,2.91,111774,54.8,75.1,431681,1178,71.6,62.6,2.5,78,6.8,10.9,0.5,0.2,0.3,3.3
12500,MO,Missouri,St. Louis,Saint Louis,RANKEN TECHNICAL COLLEGE                                         ,4431 FINNEY AVENUE                                ,63113,2811,6,2,2016,47,849,5.5,A,5,1,7,0,2015,60,1066,5.6,A,2014,92,1138,8,A,38.65796,-90.24756,11371,2001.2,FALSE,43.2,48.9,51.1,15.8,3.4,28180,7.5,42,68782,745,16.1,54.5,15.9,3.3,94.8,0.5,0,0,0,1.4
25647,MO,Missouri,St. Louis,Saint Louis,ELAINE STEVEN BEAUTY COLLEGE                                     ,10420 WEST FLORISSANT                             ,63136,2343,3,3,2016,7,109,6.4,A,5,1,7,0,2015,7,126,5.5,A,2014,7,132,5.3,A,38.7433,-90.25979,45411,1771.9,FALSE,34.1,43.7,56.3,25.7,3.16,32224,6.5,45.2,66077,871,10.9,61.1,11.3,7.1,89.5,0,0.3,0,0.6,2.4
41740,MO,Missouri,St. Louis,Saint Louis,SKIN INSTITUTE                                                   ,25 RONNIES PLAZA                                  ,63126,3552,2,3,2016,3,49,6.1,A,5,2,7,0,2015,3,42,7.1,A,2014,7,47,14.8,A,38.54968,-90.37864,14781,1257.7,FALSE,43.5,48.3,51.7,57.3,2.96,75331,34.2,84.5,192470,873,47.9,68.3,3.3,94.1,2.1,1.4,0.1,0,1.2,1.2
2519,MO,Missouri,St. Louis,Saint Louis,UNIVERSITY OF MISSOURI - SAINT LOUIS                             ,ONE UNIVERSITY BOULEVARD                          ,63121,4499,8,1,2016,218,3475,6.2,P,5,1,7,0,2015,248,3528,7,P,2014,252,3720,6.7,P,38.70721,-90.30135,24634,1431.4,FALSE,40.6,44.6,55.4,27.9,3.08,37866,8.4,52.6,73219,864,20.6,59,10.7,13.8,82.3,1,0.1,0,1.4,1.4
2520,MO,Missouri,St. Louis,Saint Louis,WASHINGTON UNIVERSITY IN ST. LOUIS                               ,ONE BROOKINGS DRIVE                               ,63130,4899,8,2,2016,25,1571,1.5,P,5,1,7,0,2015,17,1672,1,P,2014,20,1708,1.1,P,38.66506,-90.32523,28909,2309.1,FALSE,34.6,46.4,53.6,43.8,2.93,64097,32.8,56.8,261032,996,60.4,65.9,5.9,54.3,36.6,4.8,0.5,0,1.1,2.6
8645,NH,New Hampshire,Merrimack,Hooksett,EMPIRE BEAUTY SCHOOLS                                            ,1328 HOOKSETT ROAD                                ,3106,9716,3,3,2016,10,155,6.4,A,5,1,1,0,2015,10,143,6.9,A,2014,12,146,8.2,A,43.07113,-71.43638,14203,142.9,FALSE,39.9,47.9,52.1,55,3.01,84375,38.9,78.2,247150,1234,39.2,70.8,4,95.4,1.3,0.9,0,0,0.6,1.8
22470,NH,New Hampshire,Grafton,West Lebanon,NEW ENGLAND SCHOOL OF HAIR DESIGN                                ,12 INTERCHANGE DRIVE                              ,3784,2003,3,3,2016,8,79,10.1,B,5,2,1,1,2015,7,87,8,B,2014,3,31,9.6,A,43.6368,-72.30594,4004,188.2,FALSE,37.4,50.8,49.2,50,2.85,55061,24.7,47.1,253987,995,54.4,60.6,2.6,85.2,4.2,9,0,0,0.7,0.8
22346,NJ,New Jersey,Atlantic,Egg Harbor Township,ATLANTIC BEAUTY & SPA ACADEMY                                    ,3003 ENGLISH CREEK AVENUE          SUITE C-3/4/4B ,8234,2621,3,3,2016,9,98,9.1,A,5,2,2,0,2015,10,122,8.1,A,2014,9,119,7.5,A,39.38657,-74.62376,42081,270.9,FALSE,40,46.7,53.3,53.2,3.47,78534,39.3,87.3,212095,999,31.8,69.8,8.5,68.3,8.5,11.3,0.2,0,6.5,5.1
35363,NJ,New Jersey,Passaic,Haskell,INSTITUTE FOR THERAPEUTIC MASSAGE                                ,1069 RINGWOOD AVENUE               SUITE 215      ,7420,1452,3,3,2016,15,105,14.2,A,5,8,2,0,2015,16,108,14.8,A,2014,10,81,12.3,A,41.03255,-74.30115,5100,766.2,FALSE,41.3,52.1,47.9,48.7,3.45,81737,37,85.7,258267,1474,26.5,64.4,5.4,78.8,5.3,7.1,0,0,3.7,5.1
2671,NY,New York,Dutchess,Annandale On Hudson,BARD COLLEGE                                                     ,ANNANDALE ROAD                                    ,12504,5000,8,2,2016,29,607,4.7,P,5,20,2,0,2015,11,547,2,P,2014,17,482,3.5,P,42.02963,-73.91605,1498,366.5,FALSE,19.8,43.7,56.3,4,2.92,151667,71.4,28.6,,1444,70,41.7,4.6,75.6,4.3,13.4,0.8,0,0.7,5.3
7573,NY,New York,Queens,Astoria,EMPIRE BEAUTY SCHOOL                                             ,38-15 BROADWAY                                    ,11103,4028,4,3,2016,395,2614,15.1,P,5,14,2,0,2015,268,1749,15.3,P,2014,237,1688,14,P,40.76251,-73.91342,36140,21044.4,FALSE,33.8,48.7,51.3,38.1,2.98,71437,33.4,16.2,791990,1700,51.7,74.7,6.4,70.9,2.7,14.9,0.3,0.1,7.6,3.5
2697,NY,New York,Queens,Oakland Gardens,QUEENSBOROUGH COMMUNITY COLLEGE-CUNY                             ,56TH AVENUE & SPRINGFIELD BOULEVARD               ,11364,1497,5,1,2016,59,736,8,A,5,5,2,0,2015,70,754,9.2,A,2014,77,669,11.5,A,40.74532,-73.76059,36806,5406.6,FALSE,44.8,49,51,55.5,3.27,76988,40.4,73.7,532302,1753,43.3,62.8,4.4,40,2.6,52.1,0.9,0,2.8,1.7
39034,NY,New York,Bronx,Bronx,AMERICAN BEAUTY SCHOOL                                           ,1380 METROPOLITAN AVENUE                          ,10462,8003,3,3,2016,12,138,8.6,A,5,7,2,0,2015,12,149,8,A,2014,18,156,11.5,A,40.84269,-73.8586,76756,19848.6,FALSE,36.3,47,53,37,3.31,52409,19.4,22.3,298928,1342,25.5,66.9,10.5,23.2,28.3,12.6,0.9,0,29.7,5.3
2820,NY,New York,Kings,Brooklyn,SAINT FRANCIS COLLEGE                                            ,180 REMSEN STREET                                 ,11201,4398,8,2,2016,49,595,8.2,A,5,11,2,0,2015,69,633,10.9,A,2014,56,605,9.2,A,40.69463,-73.98972,62823,14028.1,FALSE,35.2,47.8,52.2,42.9,2.86,124996,59.3,37.1,894387,2410,74.1,71.5,5.4,64.1,13.6,11.8,0.2,0.1,4.3,5.9
2665,NY,New York,Queens,East Elmhurst,VAUGHN COLLEGE OF AERONAUTICS AND TECHNOLOGY                     ,86-01 23RD AVENUE                                 ,11369,9997,8,2,2016,32,552,5.7,A,3,7,2,0,2015,21,616,3.4,A,2014,16,637,2.5,A,40.76339,-73.87238,34118,13674.1,FALSE,38.3,49.2,50.8,42.7,3.86,54121,23.2,54.5,557862,1503,17.2,60.1,6.8,28.8,16.3,12.3,0.2,0,38.8,3.5
2690,NY,New York,Queens,Flushing,CUNY QUEENS COLLEGE                                              ,65-30 KISSENA BOULEVARD                           ,11367,1597,8,1,2016,75,1584,4.7,A,5,9,2,0,2015,70,1598,4.3,A,2014,84,1670,5,A,40.73041,-73.82623,41824,6728.6,FALSE,36.4,48.1,51.9,51.3,3.37,57933,27.8,46.7,463198,1366,36.8,60.3,6.1,56,8.4,26,0.2,0,5.3,4
3978,NY,New York,Queens,Flushing,RABBINICAL SEMINARY OF AMERICA                                   ,76-01 147TH STREET                                ,11367,3148,7,2,2016,0,3,0,B,5,9,2,1,2015,,,,,2014,0,2,0,B,40.73041,-73.82623,41824,6728.6,FALSE,36.4,48.1,51.9,51.3,3.37,57933,27.8,46.7,463198,1366,36.8,60.3,6.1,56,8.4,26,0.2,0,5.3,4
20937,NY,New York,Queens,Flushing,LONG ISLAND BUSINESS INSTITUTE                                   ,"136-18 39TH AVENUE, 5TH FLOOR                     ",11354,2997,5,3,2016,7,44,15.9,A,5,2,2,0,2015,7,56,12.5,A,2014,8,95,8.4,A,40.76863,-73.82739,55200,9727.7,FALSE,45.5,45.3,54.7,52,3.21,42500,18.3,38.7,480116,1440,20.5,55.3,4.2,20.8,3.2,62.8,0.2,0,10.6,2.4
41337,NY,New York,Queens,Flushing,NEW YORK MEDICAL CAREER TRAINING CENTER                          ,36-09 MAIN STREET                  5TH FLOOR      ,11354,6504,4,3,2016,23,136,16.9,A,5,5,2,0,2015,13,93,13.9,A,2014,10,96,10.4,A,40.76863,-73.82739,55200,9727.7,FALSE,45.5,45.3,54.7,52,3.21,42500,18.3,38.7,480116,1440,20.5,55.3,4.2,20.8,3.2,62.8,0.2,0,10.6,2.4
42232,NY,New York,Queens,Flushing,GRACE INTERNATIONAL BEAUTY SCHOOL                                ,136-31 41ST AVENUE                                ,11355,2446,3,3,2016,0,31,0,A,5,6,2,0,2015,0,9,0,B,2014,0,0,0,A,40.75148,-73.82092,80853,19106.8,FALSE,42.8,47.8,52.2,55.9,3.39,39207,17.1,30.1,573976,1392,19.5,55.9,4,13.2,3.4,72.7,0.8,0.1,7.6,2.3
12358,NY,New York,Queens,Forest Hills,PLAZA COLLEGE                                                    ,118-33 QUEENS BOULEVARD                           ,11375,7324,6,3,2016,1,455,0.2,A,5,7,2,0,2015,3,388,0.7,A,2014,1,610,0.1,A,40.72092,-73.84611,73488,13340.8,FALSE,42.7,45.9,54.1,53.6,3.01,80542,40.1,50.8,399379,1731,61.1,64.9,4.4,60.8,2.7,28,0.3,0,3.5,4.7
40433,NY,New York,Queens,Forest Hills,ACE INSTITUTE OF TECHNOLOGY                                      ,109-19 72ND RD.                    SUITE 4F       ,11375,5337,3,3,2016,14,103,13.5,A,5,9,2,0,2015,14,87,16,A,2014,11,66,16.6,A,40.72092,-73.84611,73488,13340.8,FALSE,42.7,45.9,54.1,53.6,3.01,80542,40.1,50.8,399379,1731,61.1,64.9,4.4,60.8,2.7,28,0.3,0,3.5,4.7
2823,NY,New York,Queens,Jamaica,SAINT JOHN'S UNIVERSITY                                          ,8000 UTOPIA PARKWAY                               ,11439,1343,8,2,2016,191,3481,5.4,P,5,6,2,0,2015,167,3749,4.4,P,2014,187,4158,4.4,P,40.72287,-73.78836,,,FALSE,,,,,,,,,,,,,,,,,,,,
4759,NY,New York,Queens,Jamaica,CUNY YORK COLLEGE                                                ,94-20 GUY R BREWER BOULEVARD                      ,11451,1,8,1,2016,29,522,5.5,A,5,6,2,0,2015,35,570,6.1,A,2014,39,573,6.8,A,40.7012,-73.79596,0,0,FALSE,,,,,,,,,,,,,,,,,,,,
33583,NY,New York,Queens,Jamaica,ALLEN SCHOOL                                                     ,163-18 JAMAICA AVENUE              3RD FLOOR      ,11432,4901,5,3,2016,278,1540,18,A,5,6,2,0,2015,330,1831,18,A,2014,266,1442,18.4,A,40.71533,-73.79306,62053,10923.4,FALSE,36,47.2,52.8,46.9,3.75,55906,24.8,36.6,583795,1453,36.1,61.2,7.4,19.1,16,41.6,0.6,0.2,17.7,4.8
35373,NY,New York,Queens,Jamaica,NEW YORK AUTOMOTIVE & DIESEL INSTITUTE                           ,178-18 LIBERTY AVENUE                             ,11433,1433,5,3,2016,55,280,19.6,A,5,14,2,0,2015,64,290,22,A,2014,74,388,19,A,40.69818,-73.78687,36489,8145.6,FALSE,35,45.8,54.2,31.2,4.07,51521,22.8,44.5,411067,1282,16.2,63.2,13.8,3.9,64.3,8.8,0,0,19.8,3.2
7518,NY,New York,Queens,Long Island City,APEX TECHNICAL SCHOOL                                            ,24-02 QUEENS PLAZA SOUTH                          ,11101,4602,3,3,2016,274,974,28.1,A,5,8,2,0,2015,267,989,26.9,A,2014,296,1198,24.7,A,40.74671,-73.93893,30043,3779.2,FALSE,34.1,50.9,49.1,39.6,3.01,65392,35.5,16.9,919360,1608,48.1,70.9,7.5,43,15.7,22.8,0.6,0.1,12.4,5.4
10051,NY,New York,Queens,Long Island City,CUNY LAGUARDIA COMMUNITY COLLEGE                                 ,31-10 THOMSON AVENUE                              ,11101,3083,5,1,2016,78,631,12.3,A,3,14,2,0,2015,61,642,9.5,A,2014,78,675,11.5,A,40.74671,-73.93893,30043,3779.2,FALSE,34.1,50.9,49.1,39.6,3.01,65392,35.5,16.9,919360,1608,48.1,70.9,7.5,43,15.7,22.8,0.6,0.1,12.4,5.4
10551,NY,New York,Queens,Long Island City,NEW YORK SCHOOL FOR MEDICAL & DENTAL ASSISTANTS                  ,33-10 QUEENS BOULEVARD             2ND FLOOR      ,11101,2327,5,3,2016,20,259,7.7,A,5,9,2,0,2015,21,304,6.9,A,2014,20,438,4.5,A,40.74671,-73.93893,30043,3779.2,FALSE,34.1,50.9,49.1,39.6,3.01,65392,35.5,16.9,919360,1608,48.1,70.9,7.5,43,15.7,22.8,0.6,0.1,12.4,5.4
11830,NY,New York,Queens,Long Island City,BERK TRADE & BUSINESS SCHOOL                                     ,33-09 QUEENS BOULEVARD             2ND FLOOR      ,11101,0,2,3,2016,67,223,30,A,5,10,2,0,2015,52,216,24,A,2014,30,137,21.8,A,40.74671,-73.93893,30043,3779.2,FALSE,34.1,50.9,49.1,39.6,3.01,65392,35.5,16.9,919360,1608,48.1,70.9,7.5,43,15.7,22.8,0.6,0.1,12.4,5.4
31913,NY,New York,Queens,Long Island City,CUNY SCHOOL OF LAW '(THE)'                                       ,2 COURT SQUARE                                    ,11101,4356,7,1,2016,2,114,1.7,A,5,5,2,0,2015,3,139,2.1,A,2014,3,143,2,A,40.74671,-73.93893,30043,3779.2,FALSE,34.1,50.9,49.1,39.6,3.01,65392,35.5,16.9,919360,1608,48.1,70.9,7.5,43,15.7,22.8,0.6,0.1,12.4,5.4
2788,NY,New York,Niagara,Niagara University,NIAGARA UNIVERSITY                                               ,LEWISTON ROAD                                     ,14109,2010,8,2,2016,50,959,5.2,A,5,28,2,0,2015,47,937,5,A,2014,40,928,4.3,A,43.13777,-79.03521,1131,908.7,FALSE,19.4,42.2,57.8,0,,,,,,,27.3,32.9,0,85.8,5,0.9,0,0,4.2,4.2
2760,NY,New York,Westchester,Purchase,MANHATTANVILLE COLLEGE                                           ,2900 PURCHASE STREET                              ,10577,2132,8,2,2016,26,579,4.4,A,5,18,2,0,2015,32,603,5.3,A,2014,44,686,6.4,A,41.03786,-73.71365,6373,375.7,FALSE,20.4,46.2,53.8,24.4,3.27,202583,71,86.2,1086135,3501,73.2,51.3,12.5,73.2,13.2,5.1,0.3,0.2,2.9,5.1
6791,NY,New York,Westchester,Purchase,SUNY COLLEGE AT PURCHASE                                         ,735 ANDERSON HILL ROAD                            ,10577,1400,8,1,2016,61,994,6.1,A,5,18,2,0,2015,66,1023,6.4,A,2014,58,953,6,A,41.03786,-73.71365,6373,375.7,FALSE,20.4,46.2,53.8,24.4,3.27,202583,71,86.2,1086135,3501,73.2,51.3,12.5,73.2,13.2,5.1,0.3,0.2,2.9,5.1
12364,NY,New York,Queens,Rego Park,ST. PAUL'S SCHOOL OF NURSING                                     ,97-77 QUEENS BOULEVARD                            ,11374,0,5,3,2016,10,225,4.4,A,5,5,2,0,2015,9,309,2.9,A,2014,20,306,6.5,A,40.72651,-73.86149,42653,17850.4,FALSE,43.8,45.9,54.1,49,3.02,63161,30.3,38.8,361548,1591,50.4,62.9,4.4,52.7,4.4,32.1,0.1,0,5.7,4.9
36523,NY,New York,Queens,Rego Park,METROPOLITAN LEARNING INSTITUTE                                  ,97-77 QUEENS BOULEVARD             9TH FLOOR      ,11374,2101,3,2,2016,9,111,8.1,B,5,9,2,1,2015,10,213,4.6,B,2014,6,84,7.1,A,40.72651,-73.86149,42653,17850.4,FALSE,43.8,45.9,54.1,49,3.02,63161,30.3,38.8,361548,1591,50.4,62.9,4.4,52.7,4.4,32.1,0.1,0,5.7,4.9
2703,NY,New York,Bronx,Bronx,COLLEGE OF MOUNT SAINT VINCENT                                   ,6301 RIVERDALE AVENUE                             ,10471,1093,8,2,2016,38,554,6.8,A,3,17,2,0,2015,35,576,6,A,2014,39,548,7.1,A,40.89947,-73.9018,21896,3441.8,FALSE,44.9,47.4,52.6,40.8,2.95,85707,41.9,48.8,343814,1548,54.7,57.4,7.2,68.7,11.8,6.2,0.2,0,9.7,3.4
2758,NY,New York,Bronx,Bronx,MANHATTAN COLLEGE                                                ,4513 MANHATTAN COLLEGE PARKWAY                    ,10471,4098,8,2,2016,32,846,3.7,A,5,17,2,0,2015,23,803,2.8,A,2014,23,759,3,A,40.89947,-73.9018,21896,3441.8,FALSE,44.9,47.4,52.6,40.8,2.95,85707,41.9,48.8,343814,1548,54.7,57.4,7.2,68.7,11.8,6.2,0.2,0,9.7,3.4
2956,NC,North Carolina,Forsyth,Winston Salem,PIEDMONT INTERNATIONAL UNIVERSITY                                ,420 S. BROAD STREET                               ,27101,5025,8,2,2016,35,336,10.4,P,5,12,4,0,2015,51,377,13.5,P,2014,75,416,18,P,36.11175,-80.19854,19681,571.6,FALSE,35.6,51.2,48.8,29.6,3.14,31805,12.6,33.9,126057,670,30.2,56.2,8.5,47,46.1,1.5,0.2,0,2.4,2.8
30514,OH,Ohio,Lake,Painesville,AUBURN CAREER CENTER                                             ,8140 AUBURN ROAD                                  ,44077,9723,3,1,2016,14,105,13.3,A,5,14,5,0,2015,19,100,19,A,2014,12,54,22.2,A,41.69943,-81.21075,56353,359.1,FALSE,40.2,49,51,50.9,3.03,63381,27.3,71.5,160995,842,26.6,65.5,4.7,86.4,5.6,0.7,0.2,0,2.8,4.3
9941,OH,Ohio,Belmont,Saint Clairsville,BELMONT COLLEGE                                                  ,68094 HAMMOND ROAD                                ,43950,9766,5,1,2016,68,349,19.4,A,5,18,5,0,2015,91,486,18.7,A,2014,171,727,23.5,A,40.0962,-80.92588,16446,73.8,FALSE,44.6,58.1,41.9,44,3.04,65533,27.4,81.2,154429,757,23.7,49.2,5.1,87.1,8.8,1,0.3,0,1.1,1.7
10880,OH,Ohio,Brown,Fayetteville,CHATFIELD COLLEGE                                                ,20918 STATE ROUTE 251                             ,45118,9705,5,2,2016,30,211,14.2,A,5,2,5,0,2015,28,243,11.5,A,2014,35,235,14.8,A,39.17029,-83.93324,3579,35.5,FALSE,45.3,51.1,48.9,57.8,2.88,62219,21.7,79.7,149261,888,13.5,61.4,4.7,95.3,0.5,0.1,1,0,2.7,0.6
3198,OR,Oregon,Yamhill,Mcminnville,LINFIELD COLLEGE                                                 ,900 SOUTHEAST BAKER STREET                        ,97128,6894,8,2,2016,19,744,2.5,A,5,1,10,0,2015,20,815,2.4,A,2014,17,863,1.9,A,45.19704,-123.25456,38160,130.6,FALSE,37.1,49.8,50.2,49.5,3.22,53815,23.7,63.9,247248,935,26.3,58.6,5.7,88,1.2,1.4,0.8,0.4,4.7,3.5
3988,PA,Pennsylvania,Delaware,Aston,NEUMANN UNIVERSITY                                               ,ONE NEUMANN DRIVE                                 ,19014,1298,8,2,2016,91,926,9.8,A,5,7,3,0,2015,90,917,9.8,A,2014,84,883,9.5,A,39.86362,-75.43358,21101,910.5,FALSE,42.2,47,53,48.4,3.15,85000,39.2,86.7,231870,1036,31.8,66.7,5.1,88,7.2,2.5,0.4,0,0.5,1.5
9723,PA,Pennsylvania,Bucks,Feasterville Trevose,ARIA HEALTH SCHOOL OF NURSING                                    ,THREE NESHAMINY INTERPLEX                         ,19053,6939,11,2,2016,5,91,5.4,A,5,1,3,0,2015,1,73,1.3,A,2014,4,88,4.5,A,40.1547,-74.97952,26383,957.2,FALSE,40.9,49.3,50.7,56.3,3.17,83095,38.9,80.6,289171,1134,31.8,68.4,4.4,89.2,3.1,4.8,0,0.3,0.4,2.1
25545,PA,Pennsylvania,Luzerne,Hazleton,HAZLETON AREA CAREER CENTER                                      ,1451 WEST 23RD STREET                             ,18202,1597,3,1,2016,1,49,2,B,5,11,3,1,2015,2,52,3.8,B,2014,2,61,3.2,B,40.95148,-76.04682,11716,142.8,FALSE,45.1,48.3,51.7,42.7,2.93,41329,15.1,60.2,120056,767,15.7,54.2,6.2,80.1,4.6,0.5,0.1,0,13.7,1
3276,PA,Pennsylvania,Chester,Immaculata,IMMACULATA UNIVERSITY                                            ,1145 KING ROAD                                    ,19345,647,8,2,2016,38,721,5.2,A,5,7,3,0,2015,48,822,5.8,A,2014,57,849,6.7,A,40.02943,-75.56528,689,1298.5,FALSE,20.8,14.8,85.2,9.7,,,,,,,54.6,53.8,15.6,72.9,20,0,0,0,1.2,6
37663,PA,Pennsylvania,Montgomery,King Of Prussia,CORTIVA INSTITUTE                                                ,211 SOUTH GULPH ROAD               SUITE 100      ,19406,3101,3,3,2016,34,214,15.8,A,5,7,3,0,2015,44,226,19.4,A,2014,36,180,20,A,40.0944,-75.38246,24187,654.5,FALSE,37.5,49.9,50.1,54.6,2.98,88239,42.9,60.6,304752,1409,59,70.4,4.3,69,5.7,21.1,0,0,1.2,3.1
6560,PA,Pennsylvania,Allegheny,Mc Kees Rocks,OHIO VALLEY GENERAL HOSPITAL SCHOOL OF NURSING                   ,25 HECKEL ROAD                                    ,15136,1694,3,2,2016,2,31,6.4,A,5,14,3,0,2015,3,70,4.2,B,2014,6,87,6.8,B,40.46789,-80.10438,22492,758.4,FALSE,40.5,49.7,50.3,44.6,2.99,51600,22.3,62.6,135681,734,27.6,64.4,6.8,77,15.8,2,0.2,0,1.1,3.9
3359,PA,Pennsylvania,Allegheny,Coraopolis,ROBERT MORRIS UNIVERSITY                                         ,6001 UNIVERSITY BOULEVARD                         ,15108,1189,8,2,2016,64,1396,4.5,A,5,18,3,0,2015,66,1450,4.5,A,2014,58,1383,4.1,A,40.49998,-80.19959,41524,392.6,FALSE,40.6,49.4,50.6,52.7,2.92,74978,36.2,72.3,191238,945,45.4,66.8,4.3,86.3,6.4,3.8,0.1,0,0.3,3.2
3241,PA,Pennsylvania,Chester,Wayne,CABRINI UNIVERSITY                                               ,610 KING OF PRUSSIA ROAD                          ,19087,3698,8,2,2016,51,616,8.2,A,5,6,3,0,2015,52,766,6.7,A,2014,42,824,5,A,40.06116,-75.39987,32934,779.5,FALSE,41.2,48.2,51.8,56.4,3.17,137943,63,76.9,558460,1510,76.7,66.1,3.9,82.7,4.8,9.5,0,0,1,2
3259,PA,Pennsylvania,Chester,Wayne,EASTERN UNIVERSITY                                               ,1300 EAGLE ROAD                                   ,19087,3696,8,2,2016,88,1245,7,P,5,7,3,0,2015,88,1228,7.1,P,2014,80,1232,6.4,P,40.06116,-75.39987,32934,779.5,FALSE,41.2,48.2,51.8,56.4,3.17,137943,63,76.9,558460,1510,76.7,66.1,3.9,82.7,4.8,9.5,0,0,1,2
2670,PA,Pennsylvania,Lackawanna,Clarks Summit,CLARKS SUMMIT UNIVERSITY                                         ,538 VENARD ROAD                                   ,18411,1250,8,2,2016,14,218,6.4,A,5,10,3,0,2015,14,206,6.7,A,2014,17,230,7.3,A,41.45427,-75.74521,21738,156.2,FALSE,46.2,48.7,51.3,56.8,2.94,74961,36.3,80,231007,994,44.8,60.8,3,95,1.3,1.6,0.1,0,0.1,1.9
3329,PA,Pennsylvania,Centre,University Park,PENNSYLVANIA STATE UNIVERSITY (THE)                              ,PRESIDENT'S OFFICE                 201 OLD MAIN   ,16802,1503,8,1,2016,919,18631,4.9,P,5,5,3,0,2015,983,19227,5.1,P,2014,1010,19272,5.2,P,40.80268,-77.86064,11611,5909.5,FALSE,19.3,47.3,52.7,0.3,1.94,,0,0,,,59.7,25,11.9,80.8,5.8,10.5,0,0,0.6,2.4
22897,PA,Pennsylvania,Luzerne,Wilkes Barre,JOLIE HEALTH AND BEAUTY ACADEMY                                  ,125 NORTH WILKES BARRE BOULEVARD                  ,18702,5354,3,3,2016,67,228,29.3,A,5,11,3,0,2015,48,243,19.7,A,2014,28,139,20.1,A,41.22083,-75.77366,39841,224.4,FALSE,38.4,49.6,50.4,37.9,3.22,40916,14.6,55.7,85914,807,18.9,58,10.2,74.9,13,2.4,0.4,0.3,4.3,4.8
30018,TN,Tennessee,Sumner,Gallatin,WELCH COLLEGE                                                    ,1045 BISON TRAIL                                  ,37066,8460,8,2,2016,4,79,5,A,5,5,4,0,2015,6,68,8.8,A,2014,8,74,10.8,A,36.39872,-86.45526,50328,144.2,FALSE,39.5,49.6,50.4,53.3,3.13,60065,26.4,67.4,223925,941,27,62.9,3.6,80.6,11.9,1.8,0.4,0.2,2.3,2.8
7783,TN,Tennessee,Davidson,Madison,MIDDLE TENNESSEE SCHOOL OF ANESTHESIA                            ,315 HOSPITAL DRIVE                                ,37115,417,8,2,2016,0,53,0,A,5,5,4,0,2015,0,51,0,A,2014,0,59,0,A,36.25449,-86.69609,40484,676.8,FALSE,36,47.3,52.7,34.8,3.24,43521,10.5,42.5,150004,919,18.5,68.4,7.4,50.8,35.4,1.1,0.2,0,10.2,2.3
21253,TN,Tennessee,Davidson,Madison,NASHVILLE COLLEGE OF MEDICAL CAREERS                             ,1556 CRESTVIEW DRIVE                              ,37115,2120,3,3,2016,6,110,5.4,P,5,5,4,0,2015,7,154,4.5,P,2014,8,149,5.3,P,36.25449,-86.69609,40484,676.8,FALSE,36,47.3,52.7,34.8,3.24,43521,10.5,42.5,150004,919,18.5,68.4,7.4,50.8,35.4,1.1,0.2,0,10.2,2.3
3480,TN,Tennessee,Carroll,Mc Kenzie,BETHEL UNIVERSITY                                                ,325 CHERRY AVENUE                                 ,38201,1705,8,2,2016,278,2466,11.2,A,5,8,4,0,2015,355,2907,12.2,A,2014,367,2633,13.9,A,36.12284,-88.52912,11005,27.6,FALSE,38.5,48.3,51.7,47.9,3.13,38920,11.1,72.2,93307,632,20.9,52,7.8,91.4,6.5,0.4,0.2,0,0,1.4
3511,TN,Tennessee,Carter,Milligan College,MILLIGAN COLLEGE                                                 ,ONE BLOWERS BOULEVARD                             ,37682,4001,8,2,2016,14,357,3.9,P,5,1,4,0,2015,12,384,3.1,P,2014,15,374,4,P,36.30106,-82.29077,687,1427.9,FALSE,20.4,41.6,58.4,9.8,2.15,,0,39.1,,,28.5,49.6,3.5,92.1,4.4,2.8,0,0,0,0.7
42239,TN,Tennessee,Davidson,Nashville,MIND BODY INSTITUTE                                              ,"2416 MUSIC VALLEY DRIVE, SUITE 119                ",37214,1012,2,3,2016,1,37,2.7,B,5,5,4,1,2015,0,16,0,B,2014,0,2,0,B,36.16307,-86.6651,30151,445.3,FALSE,37.4,47.4,52.6,40.3,2.95,56910,18.5,59.2,168113,1109,38,72.7,3.8,74.4,19.6,1.9,0,0,1.7,2.3
25950,TN,Tennessee,Lincoln,Fayetteville,HAIR ACADEMY THE                                                 ,513 COLLEGE STREET                                ,37334,2909,3,3,2016,5,30,16.6,A,5,4,4,0,2015,5,36,13.8,A,2014,5,44,11.3,A,35.16682,-86.58109,22935,32.9,FALSE,40.7,48.3,51.7,50,3.01,44657,14.8,69.6,132420,719,20.3,56.2,4.5,87.1,9.1,0.6,0.4,0,0.1,2.8
22859,TX,Texas,Hidalgo,Mcallen,UCAS UNIVERSITY OF COSMETOLOGY ARTS & SCIENCES                   ,8401 NORTH 10TH STREET                            ,78504,391,3,3,2016,44,375,11.7,A,5,15,6,0,2015,33,292,11.3,A,2014,28,315,8.8,A,26.27199,-98.23657,56000,1063.5,FALSE,32.6,49.3,50.7,52.6,3.59,65211,28.9,69,148546,868,37.4,66.8,7.2,84.2,1.4,3.7,0.3,0.1,8.7,1.6
42133,TX,Texas,Hidalgo,Mcallen,SOUTHERN TEXAS CAREERS ACADEMY                                   ,601 EAST NOLANA                    SUITE C        ,78504,2569,3,3,2016,12,40,30,A,5,15,6,0,2015,10,59,16.9,A,2014,5,52,9.6,A,26.27199,-98.23657,56000,1063.5,FALSE,32.6,49.3,50.7,52.6,3.59,65211,28.9,69,148546,868,37.4,66.8,7.2,84.2,1.4,3.7,0.3,0.1,8.7,1.6
41784,TX,Texas,Hidalgo,Mcallen,VOGUE COLLEGE OF COSMETOLOGY                                     ,800 FERN AVENUE                                   ,78501,1945,3,3,2016,7,134,5.2,A,5,15,6,0,2015,7,150,4.6,A,2014,4,92,4.3,A,26.21583,-98.23917,63554,1541.1,FALSE,33.8,49,51,43.9,3.59,36618,15.7,52.3,102848,683,25.2,59.2,7.7,77,0.5,1.7,0.3,0.1,19.6,0.7
23614,TX,Texas,Collin,Mckinney,COLLIN COUNTY COMMUNITY COLLEGE                                  ,2200 WEST UNIVERSITY DRIVE                        ,75070,8001,5,1,2016,490,3244,15.1,A,5,3,6,0,2015,607,3788,16,A,2014,608,4015,15.1,A,33.17311,-96.69773,98219,1208.3,FALSE,36.7,47.5,52.5,63.2,3.26,101462,50.7,72.2,294498,1462,53.7,71.9,3.5,76.3,10.2,9,0.3,0,1.1,3
25568,UT,Utah,Salt Lake,Salt Lake City,PAUL MITCHELL THE SCHOOL SALT LAKE CITY                          ,1969 EAST MURRAY HOLLADAY ROAD                    ,84117,7204,3,3,2016,38,261,14.5,A,5,2,8,0,2015,58,324,17.9,A,2014,52,315,16.5,A,40.66104,-111.83464,25240,1642,FALSE,40.1,49.5,50.5,49.3,3.14,67106,32.4,62.8,359281,1072,47,64,2,92.1,2.7,2.2,0,0.8,0.6,1.5
3671,UT,Utah,Washington,Saint George,DIXIE STATE UNIVERSITY                                           ,225 SOUTH 700 EAST                                ,84770,3876,8,1,2016,201,1824,11,A,5,2,8,0,2015,234,1914,12.2,A,2014,265,1991,13.3,A,37.17565,-113.60824,41454,288.4,FALSE,34.6,48,52,55.8,3.2,51123,19.8,57.5,245795,914,26.8,58,4.6,88.6,1.2,0.6,1,1.1,4.7,2.9
21435,VT,Vermont,Orleans,Craftsbury Common,STERLING COLLEGE                                                 ,16 STERLING DRIVE                                 ,5827,72,6,2,2016,2,34,5.8,A,5,AL      ,1,0,2015,2,42,4.7,A,2014,10,111,9,B,44.68112,-72.35814,365,8.1,FALSE,31.7,59.7,40.3,57,2.77,58125,12.9,71.6,224553,752,57.1,50.7,7.8,87.4,1.1,0,0,0,0,11.5
3946,VI,Virgin Islands,,St Thomas,UNIVERSITY OF THE VIRGIN ISLANDS                                 ,#2 JOHN BREWERS BAY                               ,802,9990,8,1,2016,34,371,9.1,P,2,AL      ,2,0,2015,52,394,13.1,P,2014,33,385,8.5,P,18.34225,-64.92657,,,FALSE,,,,,,,,,,,,,,,,,,,,
3713,VA,Virginia,Prince Edward,Hampden Sydney,HAMPDEN SYDNEY COLLEGE                                           ,COLLEGE ROAD                                      ,23943,128,6,2,2016,14,222,6.3,A,5,5,3,0,2015,7,198,3.5,A,2014,11,211,5.2,A,37.24367,-78.45568,84,325.8,FALSE,79.1,63.1,36.9,71.4,2,,100,100,,,100,7.1,0,92.9,4.8,0,0,0,0,2.4
3707,VA,Virginia,Dinwiddie,Petersburg,RICHARD BLAND COLLEGE                                            ,11301 JOHNSON ROAD                                ,23805,7100,5,1,2016,43,312,13.7,A,5,4,3,0,2015,43,317,13.5,A,2014,32,271,11.8,A,37.12899,-77.39781,19410,102.7,FALSE,41.1,46.5,53.5,37.1,3.18,51748,18.5,59,160769,965,22.6,64.9,9.2,34.4,61.1,1.2,0.1,0.1,0.7,2.5
3742,VA,Virginia,Amherst,Sweet Briar,SWEET BRIAR COLLEGE                                              ,134 CHAPEL DRIVE                                  ,24595,9998,8,2,2016,3,162,1.8,A,5,6,3,0,2015,5,157,3.1,A,2014,5,132,3.7,A,37.55779,-79.08251,612,140.8,FALSE,21,9.6,90.4,16.2,2.35,103750,71.8,56.5,,,28.1,36.9,14.2,86.8,10.1,1,0,0,2.1,0
3816,WV,West Virginia,Logan,Mount Gay,SOUTHERN WEST VIRGINIA COMMUNITY AND TECHNICAL COLLEGE           ,2900 DEMPSEY BRANCH ROAD                          ,25637,2900,5,1,2016,20,93,21.5,P,5,3,3,0,2015,15,94,15.9,P,2014,28,90,31.1,P,37.85621,-82.02987,774,100.6,FALSE,49,51.8,48.2,52.9,2.69,26683,0,67.6,72197,547,2.5,42.6,41.1,95.6,4.4,0,0,0,0,0
3892,WI,Wisconsin,Brown,De Pere,SAINT NORBERT COLLEGE                                            ,100 GRANT STREET                                  ,54115,2099,8,2,2016,12,542,2.2,A,5,8,5,0,2015,12,594,2,A,2014,10,530,1.8,A,44.40464,-88.09197,45700,126.7,FALSE,36.3,50,50,55.9,3,76267,32.9,67,202342,878,38.1,71.3,2.4,90.5,0.4,3,3.4,0,0.5,2.2
3861,WI,Wisconsin,Fond du Lac,Fond Du Lac,MARIAN UNIVERSITY                                                ,45 SOUTH NATIONAL AVENUE                          ,54935,4699,8,2,2016,44,616,7.1,A,5,6,5,0,2015,48,646,7.4,A,2014,47,669,7,A,43.77425,-88.43516,42107,1020.2,FALSE,38.4,48.9,51.1,48.6,2.99,51351,16.6,59.4,125107,708,24.8,66.9,5.7,89.3,2.3,1.6,0.8,0,3.1,2.9
9256,WI,Wisconsin,Fond du Lac,Fond Du Lac,MORAINE PARK TECHNICAL COLLEGE                                   ,235 NORTH NATIONAL AVENUE                         ,54936,1940,5,1,2016,79,791,9.9,A,5,6,5,0,2015,118,878,13.4,A,2014,127,965,13.1,A,43.77351,-88.4478,,,FALSE,,,,,,,,,,,,,,,,,,,,
